<beans xmlns:xsi="http://www.w3.org/2001/XMLSchema-instance"
    xmlns="http://www.springframework.org/schema/beans" xmlns:aop="http://www.springframework.org/schema/aop"
    xmlns:context="http://www.springframework.org/schema/context" xmlns:tx="http://www.springframework.org/schema/tx"
    xmlns:cache="http://www.springframework.org/schema/cache" xmlns:p="http://www.springframework.org/schema/p"
    xsi:schemaLocation="http://www.springframework.org/schema/beans 
       http://www.springframework.org/schema/beans/spring-beans-3.2.xsd
       http://www.springframework.org/schema/aop
       http://www.springframework.org/schema/aop/spring-aop-3.2.xsd
       http://www.springframework.org/schema/context
       http://www.springframework.org/schema/context/spring-context-3.2.xsd
       http://www.springframework.org/schema/tx
       http://www.springframework.org/schema/tx/spring-tx-3.2.xsd
       http://www.springframework.org/schema/cache http://www.springframework.org/schema/cache/spring-cache-4.0.xsd">
    <!-- 引入properties文件 -->
    <context:property-placeholder location="classpath*:/db.properties" />
    <context:annotation-config />
    <!-- 对指定的包进行组件扫描 -->
 	<context:component-scan base-package="com.courseManagement" />
 	<!-- 使用annotation 自动注册bean, 并保证@Required、@Autowired的属性被注入 -->
	<context:component-scan base-package="com.courseManagement.hibernate,com.courseManagement.Controller">
		<context:exclude-filter type="annotation" expression="org.springframework.web.bind.annotation.ControllerAdvice" />
	</context:component-scan>
    <!-- 定义数据库连接池数据源bean  -->
    <context:annotation-config />
     <bean id="dataSource" class="org.apache.commons.dbcp.BasicDataSource">
        <property name="driverClassName" value="${hibernate.driverName}"/>
        <property name="url" value="${hibernate.url}"/>
        <property name="username" value="${hibernate.username}"/>
        <property name="password" value="${hibernate.password}"/>
    </bean>
    <!-- 定义Hibernate Session工厂 -->
	<bean id="sessionFactory" class="org.springframework.orm.hibernate4.LocalSessionFactoryBean"> 
		<property name="dataSource" ref="dataSource"/>
	
		<property name="hibernateProperties">
			<props>
				<prop key="hibernate.dialect">${hibernate.dialect}</prop>
				<prop key="hibernate.show_sql">${hibernate.show_sql}</prop>
				<prop key="hibernate.format_sql">${hibernate.format_sql}</prop>
				<prop key="hibernate.hbm2ddl.auto">update</prop>
				<prop key="current_session_context_class">thread</prop>    
			</props>
		</property>
		<property name="packagesToScan" value="com.courseManagement.hibernate" /><!-- 如果多个，用“,”分隔 -->
	</bean>
	<!-- 定义事务 -->
	<bean id="transactionManager" class="org.springframework.orm.hibernate4.HibernateTransactionManager">  
        <property name="sessionFactory" ref="sessionFactory" />  
    </bean>
    
	<!-- 配置 Annotation 驱动，扫描@Transactional注解的类定义事务  -->
	<tx:annotation-driven transaction-manager="transactionManager" proxy-target-class="true"/>
    </beans>